date_time,pass,station,material,band_MHz,r_m,pivot_mm,closest_approach_mm,angle_deg,rx_level_dB,tx_s11_dB,rx_s11_dB,ambient_dB,cage_state,notes
,A,NEAR_TX,,,,,,0,,,,,,
,A,NEAR_TX,,,,,,10,,,,,,
,A,NEAR_TX,,,,,,20,,,,,,
,A,NEAR_TX,,,,,,30,,,,,,
,A,NEAR_TX,,,,,,40,,,,,,
,A,NEAR_TX,,,,,,50,,,,,,
,A,NEAR_TX,,,,,,60,,,,,,
,A,NEAR_TX,,,,,,70,,,,,,
,A,NEAR_TX,,,,,,80,,,,,,
,A,NEAR_TX,,,,,,90,,,,,,
,A,NEAR_TX,,,,,,100,,,,,,
,A,NEAR_TX,,,,,,110,,,,,,
,A,NEAR_TX,,,,,,120,,,,,,
,A,NEAR_TX,,,,,,130,,,,,,
,A,NEAR_TX,,,,,,140,,,,,,
,A,NEAR_TX,,,,,,150,,,,,,
,A,NEAR_TX,,,,,,160,,,,,,
,A,NEAR_TX,,,,,,170,,,,,,
,A,NEAR_TX,,,,,,180,,,,,,
,A,MIDWAY,,,,,,0,,,,,,
,A,MIDWAY,,,,,,10,,,,,,
,A,MIDWAY,,,,,,20,,,,,,
,A,MIDWAY,,,,,,30,,,,,,
,A,MIDWAY,,,,,,40,,,,,,
,A,MIDWAY,,,,,,50,,,,,,
,A,MIDWAY,,,,,,60,,,,,,
,A,MIDWAY,,,,,,70,,,,,,
,A,MIDWAY,,,,,,80,,,,,,
,A,MIDWAY,,,,,,90,,,,,,
,A,MIDWAY,,,,,,100,,,,,,
,A,MIDWAY,,,,,,110,,,,,,
,A,MIDWAY,,,,,,120,,,,,,
,A,MIDWAY,,,,,,130,,,,,,
,A,MIDWAY,,,,,,140,,,,,,
,A,MIDWAY,,,,,,150,,,,,,
,A,MIDWAY,,,,,,160,,,,,,
,A,MIDWAY,,,,,,170,,,,,,
,A,MIDWAY,,,,,,180,,,,,,
,A,NEAR_RX,,,,,,0,,,,,,
,A,NEAR_RX,,,,,,10,,,,,,
,A,NEAR_RX,,,,,,20,,,,,,
,A,NEAR_RX,,,,,,30,,,,,,
,A,NEAR_RX,,,,,,40,,,,,,
,A,NEAR_RX,,,,,,50,,,,,,
,A,NEAR_RX,,,,,,60,,,,,,
,A,NEAR_RX,,,,,,70,,,,,,
,A,NEAR_RX,,,,,,80,,,,,,
,A,NEAR_RX,,,,,,90,,,,,,
,A,NEAR_RX,,,,,,100,,,,,,
,A,NEAR_RX,,,,,,110,,,,,,
,A,NEAR_RX,,,,,,120,,,,,,
,A,NEAR_RX,,,,,,130,,,,,,
,A,NEAR_RX,,,,,,140,,,,,,
,A,NEAR_RX,,,,,,150,,,,,,
,A,NEAR_RX,,,,,,160,,,,,,
,A,NEAR_RX,,,,,,170,,,,,,
,A,NEAR_RX,,,,,,180,,,,,,
,B,NEAR_TX,,,,,,0,,,,,,
,B,NEAR_TX,,,,,,10,,,,,,
,B,NEAR_TX,,,,,,20,,,,,,
,B,NEAR_TX,,,,,,30,,,,,,
,B,NEAR_TX,,,,,,40,,,,,,
,B,NEAR_TX,,,,,,50,,,,,,
,B,NEAR_TX,,,,,,60,,,,,,
,B,NEAR_TX,,,,,,70,,,,,,
,B,NEAR_TX,,,,,,80,,,,,,
,B,NEAR_TX,,,,,,90,,,,,,
,B,NEAR_TX,,,,,,100,,,,,,
,B,NEAR_TX,,,,,,110,,,,,,
,B,NEAR_TX,,,,,,120,,,,,,
,B,NEAR_TX,,,,,,130,,,,,,
,B,NEAR_TX,,,,,,140,,,,,,
,B,NEAR_TX,,,,,,150,,,,,,
,B,NEAR_TX,,,,,,160,,,,,,
,B,NEAR_TX,,,,,,170,,,,,,
,B,NEAR_TX,,,,,,180,,,,,,
,B,NEAR_TX,,,,,,190,,,,,,
,B,NEAR_TX,,,,,,200,,,,,,
,B,NEAR_TX,,,,,,210,,,,,,
,B,NEAR_TX,,,,,,220,,,,,,
,B,NEAR_TX,,,,,,230,,,,,,
,B,NEAR_TX,,,,,,240,,,,,,
,B,NEAR_TX,,,,,,250,,,,,,
,B,NEAR_TX,,,,,,260,,,,,,
,B,NEAR_TX,,,,,,270,,,,,,
,B,NEAR_TX,,,,,,280,,,,,,
,B,NEAR_TX,,,,,,290,,,,,,
,B,NEAR_TX,,,,,,300,,,,,,
,B,NEAR_TX,,,,,,310,,,,,,
,B,NEAR_TX,,,,,,320,,,,,,
,B,NEAR_TX,,,,,,330,,,,,,
,B,NEAR_TX,,,,,,340,,,,,,
,B,NEAR_TX,,,,,,350,,,,,,
,B,NEAR_TX,,,,,,360,,,,,,
,B,MIDWAY,,,,,,0,,,,,,
,B,MIDWAY,,,,,,10,,,,,,
,B,MIDWAY,,,,,,20,,,,,,
,B,MIDWAY,,,,,,30,,,,,,
,B,MIDWAY,,,,,,40,,,,,,
,B,MIDWAY,,,,,,50,,,,,,
,B,MIDWAY,,,,,,60,,,,,,
,B,MIDWAY,,,,,,70,,,,,,
,B,MIDWAY,,,,,,80,,,,,,
,B,MIDWAY,,,,,,90,,,,,,
,B,MIDWAY,,,,,,100,,,,,,
,B,MIDWAY,,,,,,110,,,,,,
,B,MIDWAY,,,,,,120,,,,,,
,B,MIDWAY,,,,,,130,,,,,,
,B,MIDWAY,,,,,,140,,,,,,
,B,MIDWAY,,,,,,150,,,,,,
,B,MIDWAY,,,,,,160,,,,,,
,B,MIDWAY,,,,,,170,,,,,,
,B,MIDWAY,,,,,,180,,,,,,
,B,MIDWAY,,,,,,190,,,,,,
,B,MIDWAY,,,,,,200,,,,,,
,B,MIDWAY,,,,,,210,,,,,,
,B,MIDWAY,,,,,,220,,,,,,
,B,MIDWAY,,,,,,230,,,,,,
,B,MIDWAY,,,,,,240,,,,,,
,B,MIDWAY,,,,,,250,,,,,,
,B,MIDWAY,,,,,,260,,,,,,
,B,MIDWAY,,,,,,270,,,,,,
,B,MIDWAY,,,,,,280,,,,,,
,B,MIDWAY,,,,,,290,,,,,,
,B,MIDWAY,,,,,,300,,,,,,
,B,MIDWAY,,,,,,310,,,,,,
,B,MIDWAY,,,,,,320,,,,,,
,B,MIDWAY,,,,,,330,,,,,,
,B,MIDWAY,,,,,,340,,,,,,
,B,MIDWAY,,,,,,350,,,,,,
,B,MIDWAY,,,,,,360,,,,,,
,B,NEAR_RX,,,,,,0,,,,,,
,B,NEAR_RX,,,,,,10,,,,,,
,B,NEAR_RX,,,,,,20,,,,,,
,B,NEAR_RX,,,,,,30,,,,,,
,B,NEAR_RX,,,,,,40,,,,,,
,B,NEAR_RX,,,,,,50,,,,,,
,B,NEAR_RX,,,,,,60,,,,,,
,B,NEAR_RX,,,,,,70,,,,,,
,B,NEAR_RX,,,,,,80,,,,,,
,B,NEAR_RX,,,,,,90,,,,,,
,B,NEAR_RX,,,,,,100,,,,,,
,B,NEAR_RX,,,,,,110,,,,,,
,B,NEAR_RX,,,,,,120,,,,,,
,B,NEAR_RX,,,,,,130,,,,,,
,B,NEAR_RX,,,,,,140,,,,,,
,B,NEAR_RX,,,,,,150,,,,,,
,B,NEAR_RX,,,,,,160,,,,,,
,B,NEAR_RX,,,,,,170,,,,,,
,B,NEAR_RX,,,,,,180,,,,,,
,B,NEAR_RX,,,,,,190,,,,,,
,B,NEAR_RX,,,,,,200,,,,,,
,B,NEAR_RX,,,,,,210,,,,,,
,B,NEAR_RX,,,,,,220,,,,,,
,B,NEAR_RX,,,,,,230,,,,,,
,B,NEAR_RX,,,,,,240,,,,,,
,B,NEAR_RX,,,,,,250,,,,,,
,B,NEAR_RX,,,,,,260,,,,,,
,B,NEAR_RX,,,,,,270,,,,,,
,B,NEAR_RX,,,,,,280,,,,,,
,B,NEAR_RX,,,,,,290,,,,,,
,B,NEAR_RX,,,,,,300,,,,,,
,B,NEAR_RX,,,,,,310,,,,,,
,B,NEAR_RX,,,,,,320,,,,,,
,B,NEAR_RX,,,,,,330,,,,,,
,B,NEAR_RX,,,,,,340,,,,,,
,B,NEAR_RX,,,,,,350,,,,,,
,B,NEAR_RX,,,,,,360,,,,,,
